[
    {
        "username": "ahmad",
        "password": 974,
        "type": "Customer",
        "money": 100000,
        "transactions": [],
        "surname":"AL-Thani",
        "address":"Qatar Doha Al Rayyan Zone 55 street 1037 Home 5"

    },
    {
        "username": "mike",
        "password": 911,
        "type": "Seller",
        "transactions": [],
        "companyName":"Pocco",
        "bankAccount":"QIIB72634982300000069823"
    },
    {
        "username": "walter",
        "password": 420,
        "type": "Customer",
        "money": 2500,
        "transactions": [],
        "surname":"White",
        "address":"USA 308 Negra Arroyo Lane, Albuquerque, New Mexico 87104 "
        
    },
    {
        "username": "tom",
        "password": 8793,
        "type": "Seller",
        "transactions": [],
        "companyName":"ooredoo",
        "bankAccount":"QIB234482300000069823"
    },
    {
        "username": "jim",
        "password": 8793,
        "type": "Seller",
        "transactions": [],
        "companyName":"Qualcomm",
        "bankAccount":"QNB72356982300000069823"
    },
    {
        "username": "admin",
        "password": 123,
        "type": "Admin"
    
    }
]